{"mu":
{"dims": ["variables"], "attrs": {}, "data": [1.0, 269.6641220364028, 7830.582448604991, -21887.888173491312, 304.32472573427043, 0.21493382983808842, 0.2707335153288008, 5686.443347885874, 269.83409009049996, 271.74710944145784, 571.5723795572917, 269.79305948285264], "coords": {"variables": {"dims": ["variables"], "attrs": {}, "data": ["rotated_pole", "2t_in", "sshf_in", "slhf_in", "blh_in", "10u_in", "10v_in", "z_in", "t850_in", "t925_in", "hsurf_tar", "t_2m_tar"]}}, "name": null},
"sigma":{"dims": ["variables"], "attrs": {}, "data": [0.0, 5.007012706010996, 97005.86741012007, 41213.41458836832, 295.8929142883505, 2.2984036158294923, 1.7576218192365518, 4484.579126295647, 3.8389092358725487, 3.6213744149448805, 497.4676744087101, 4.403171156389577], "coords": {"variables": {"dims": ["variables"], "attrs": {}, "data": ["rotated_pole", "2t_in", "sshf_in", "slhf_in", "blh_in", "10u_in", "10v_in", "z_in", "t850_in", "t925_in", "hsurf_tar", "t_2m_tar"]}}, "name": null}}